{
  "camera_matrix": [
    [
      345.9863744052829,
      0.0,
      334.598556777651
    ],
    [
      0.0,
      344.68581032116725,
      248.72262478448505
    ],
    [
      0.0,
      0.0,
      1.0
    ]
  ],
  "dist_coeffs": [
    [
      0.08110045215110419,
      -0.10799492760136055,
      0.008005093599533294,
      -0.0019079585789171676,
      0.02954474677958886
    ]
  ],
  "rms_error": 0.23929870780220544,
  "image_size": [
    669,
    497
  ],
  "timestamp": "2026-03-05 13:10:31"
}