{
  "robot_name": "SO100",
  "n_joints": 6,
  "dh_parameters": {
    "d": [
      0.0452,
      0,
      0,
      0.1401,
      0,
      0.0845
    ],
    "a": [
      0,
      0.1025,
      0.11257,
      0,
      0,
      0
    ],
    "alpha": [
      1.5707963267948966,
      0.0,
      0.0,
      -1.5707963267948966,
      1.5707963267948966,
      0.0
    ],
    "theta_offset": [
      0.0,
      -1.5707963267948966,
      1.5707963267948966,
      0.0,
      1.5707963267948966,
      0.0
    ]
  },
  "joint_limits_rad": {
    "shoulder_pan": [
      -2.0,
      2.0
    ],
    "shoulder_lift": [
      0.0,
      3.5
    ],
    "elbow_flex": [
      -3.141592653589793,
      0.0
    ],
    "wrist_flex": [
      -2.5,
      1.2
    ],
    "wrist_roll": [
      -3.141592653589793,
      3.141592653589793
    ],
    "gripper": [
      -0.2,
      2.0
    ]
  },
  "joint_limits_deg": {
    "shoulder_pan": [
      -114.6,
      114.6
    ],
    "shoulder_lift": [
      0.0,
      200.5
    ],
    "elbow_flex": [
      -180.0,
      0.0
    ],
    "wrist_flex": [
      -143.2,
      68.8
    ],
    "wrist_roll": [
      -180.0,
      180.0
    ],
    "gripper": [
      -11.5,
      114.6
    ]
  },
  "link_lengths": {
    "base_to_shoulder": 0.0452,
    "shoulder_to_upper": 0.1025,
    "upper_to_lower": 0.11257,
    "lower_to_wrist": 0.1349,
    "wrist_to_gripper": 0.0601,
    "gripper_to_jaw": 0.0244
  },
  "workspace_radius_m": 0.47387,
  "inertial_parameters": {
    "base": {
      "mass": 1.0,
      "center_of_mass": [
        0,
        0,
        0
      ],
      "inertia": [
        0.01,
        0.01,
        0.01,
        0,
        0,
        0
      ]
    },
    "shoulder": {
      "mass": 0.119226,
      "center_of_mass": [
        -9.07886e-05,
        0.0590972,
        0.031089
      ],
      "inertia": [
        5.94278e-05,
        5.89975e-05,
        3.13712e-05,
        0,
        0,
        0
      ]
    },
    "upper_arm": {
      "mass": 0.162409,
      "center_of_mass": [
        -1.72052e-05,
        0.0701802,
        0.00310545
      ],
      "inertia": [
        0.000213312,
        0.000167164,
        7.01522e-05,
        0,
        0,
        0
      ]
    },
    "lower_arm": {
      "mass": 0.147968,
      "center_of_mass": [
        -0.00339604,
        0.00137796,
        0.0768007
      ],
      "inertia": [
        0.000138803,
        0.000107748,
        4.84242e-05,
        0,
        0,
        0
      ]
    },
    "wrist": {
      "mass": 0.0661321,
      "center_of_mass": [
        -0.00852653,
        -0.0352279,
        -2.34622e-05
      ],
      "inertia": [
        3.45403e-05,
        2.39041e-05,
        1.94704e-05,
        0,
        0,
        0
      ]
    },
    "gripper": {
      "mass": 0.0929859,
      "center_of_mass": [
        0.00552377,
        -0.0280167,
        0.000483583
      ],
      "inertia": [
        5.03136e-05,
        4.64098e-05,
        2.72961e-05,
        0,
        0,
        0
      ]
    },
    "jaw": {
      "mass": 0.0202444,
      "center_of_mass": [
        -0.00161745,
        -0.0303473,
        0.000449646
      ],
      "inertia": [
        1.11265e-05,
        8.99651e-06,
        2.99548e-06,
        0,
        0,
        0
      ]
    }
  },
  "servo_parameters": {
    "center_position": 2047,
    "range_deg": 270.0,
    "position_range": [
      0,
      4095
    ]
  }
}